{
	"partitions" : [
		{
			"name" : "Top",
			"pins" : [
				{
					"name" : "estado[2]",
					"strict" : false
				},
				{
					"name" : "estado[1]",
					"strict" : false
				},
				{
					"name" : "estado[0]",
					"strict" : false
				},
				{
					"name" : "salidas[3]",
					"strict" : false
				},
				{
					"name" : "salidas[2]",
					"strict" : false
				},
				{
					"name" : "salidas[1]",
					"strict" : false
				},
				{
					"name" : "salidas[0]",
					"strict" : false
				},
				{
					"name" : "switch",
					"strict" : false
				},
				{
					"name" : "B",
					"strict" : false
				},
				{
					"name" : "C",
					"strict" : false
				},
				{
					"name" : "A",
					"strict" : false
				},
				{
					"name" : "clk",
					"strict" : false
				}
			]
		}
	]
}